[{"categoryString":"EXTENSION","dateBuilt":"2024-11-19T00:50:07-0800","nonVisible":"true","iconName":"aiwebres/icon.png","methods":[{"deprecated":"false","name":"DisplayGif","description":"Displays a GIF in the given WebViewer using a unique ID. The WebViewer will be transparent and the GIF will not overflow.","params":[{"name":"webViewer","type":"component"},{"name":"gifFileName","type":"text"},{"name":"id","type":"text"}]},{"deprecated":"false","name":"Stop","description":"Stops the GIF animation in the given WebViewer and displays the first frame.","params":[{"name":"webViewer","type":"component"}]},{"deprecated":"false","name":"Play","description":"Resumes the GIF animation in the given WebViewer.","params":[{"name":"webViewer","type":"component"}]}],"blockProperties":[],"helpUrl":"","licenseName":"","type":"joejsanz.joedevgif.JoeDevGif","versionName":"1.1","androidMinSdk":"7","version":"2","external":"true","showOnPalette":"true","name":"JoeDevGif","helpString":"Displays multiple GIFs in WebViewers with unique IDs and detects click events. Includes Play/Stop functionality.","properties":[],"events":[{"deprecated":"false","name":"WebViewerClicked","description":"Triggered when a WebViewer is clicked.","params":[{"name":"id","type":"text"}]}]}]